{
  "type": "AdaptiveCard",
  "body": [
    {
      "type": "TextBlock",
      "text": "Please enter a date:"
    },
    {
      "type": "Input.Date",
      "id": "date",
      "placeholder": "Enter a date",
      "value": "2017-10-12"
    },

    {
      "type": "TextBlock",
      "text": "Please enter a time:"
    },
    {
      "type": "Input.Time",
      "id": "time",
      "value": "15:30"
    }
  ],
  "actions": [
    {
      "type": "Action.Submit",
      "title": "Submit"
    }
  ],
  "$schema": "http://adaptivecards.io/schemas/adaptive-card.json",
  "version": "1.0"
}